{"cameraMode":{"drawMode":0,"name":"Shaded","section":"Shading Mode"},"sceneLighting":false,"audioPlay":false,"sceneViewState":{"showFog":true,"showMaterialUpdate":false,"showSkybox":true,"showFlares":true,"showImageEffects":true,"showParticleSystems":true},"in2DMode":false,"pivot":{"x":-5.914866924285889,"y":1.0509692430496216,"z":-10.798538208007813},"rotation":{"x":0.11669270694255829,"y":-0.026214592158794404,"z":0.0030812148470431568,"w":0.9928179383277893},"size":3.330479860305786,"orthographic":false}