{"cameraMode":{"drawMode":0,"name":"Shaded","section":"Shading Mode"},"sceneLighting":false,"audioPlay":false,"sceneViewState":{"showFog":true,"showMaterialUpdate":false,"showSkybox":true,"showFlares":true,"showImageEffects":true,"showParticleSystems":true},"in2DMode":false,"pivot":{"x":-5.142772197723389,"y":1.343506097793579,"z":-12.942733764648438},"rotation":{"x":-0.07945559173822403,"y":0.17740467190742494,"z":-0.014394829049706459,"w":-0.9808207750320435},"size":0.34716373682022097,"orthographic":false}