{"cameraMode":{"drawMode":0,"name":"Shaded","section":"Shading Mode"},"sceneLighting":false,"audioPlay":false,"sceneViewState":{"showFog":true,"showMaterialUpdate":false,"showSkybox":true,"showFlares":true,"showImageEffects":true,"showParticleSystems":true},"in2DMode":false,"pivot":{"x":-6.194229602813721,"y":0.7876549363136292,"z":-12.392533302307129},"rotation":{"x":-0.09094254672527313,"y":0.869401216506958,"z":-0.17443791031837464,"w":-0.45325765013694765},"size":3.593559741973877,"orthographic":false}