{"cameraMode":{"drawMode":0,"name":"Shaded","section":"Shading Mode"},"sceneLighting":false,"audioPlay":false,"sceneViewState":{"showFog":true,"showMaterialUpdate":false,"showSkybox":true,"showFlares":true,"showImageEffects":true,"showParticleSystems":true},"in2DMode":false,"pivot":{"x":-6.166729927062988,"y":0.7876549363136292,"z":-12.392533302307129},"rotation":{"x":-0.2463134378194809,"y":0.6276175379753113,"z":-0.2191990315914154,"w":-0.7052501440048218},"size":3.5574092864990236,"orthographic":false}