{"cameraMode":{"drawMode":0,"name":"Shaded","section":"Shading Mode"},"sceneLighting":false,"audioPlay":false,"sceneViewState":{"showFog":true,"showMaterialUpdate":false,"showSkybox":true,"showFlares":true,"showImageEffects":true,"showParticleSystems":true},"in2DMode":false,"pivot":{"x":-0.000028219074010849,"y":0.0038274619728326799,"z":0.01745033450424671},"rotation":{"x":0.021884912624955179,"y":0.8728694319725037,"z":-0.03931744024157524,"w":0.4858747124671936},"size":0.3626711666584015,"orthographic":false}