{"cameraMode":{"drawMode":0,"name":"Shaded","section":"Shading Mode"},"sceneLighting":false,"audioPlay":false,"sceneViewState":{"showFog":true,"showMaterialUpdate":false,"showSkybox":true,"showFlares":true,"showImageEffects":true,"showParticleSystems":true},"in2DMode":false,"pivot":{"x":-5.429740905761719,"y":1.3855974674224854,"z":-12.379819869995118},"rotation":{"x":0.04203550145030022,"y":-0.6937121152877808,"z":-0.04061949998140335,"w":-0.7178764939308167},"size":1.3254668712615967,"orthographic":false}