{"cameraMode":{"drawMode":0,"name":"Shaded","section":"Shading Mode"},"sceneLighting":true,"audioPlay":false,"sceneViewState":{"showFog":true,"showMaterialUpdate":false,"showSkybox":true,"showFlares":true,"showImageEffects":true,"showParticleSystems":true},"in2DMode":false,"pivot":{"x":-7.239124298095703,"y":-0.24805736541748048,"z":-12.054532051086426},"rotation":{"x":-0.1692761927843094,"y":0.3391859829425812,"z":-0.062211811542510989,"w":-0.9232764840126038},"size":7.629573345184326,"orthographic":false}