{"cameraMode":{"drawMode":0,"name":"Shaded","section":"Shading Mode"},"sceneLighting":false,"audioPlay":false,"sceneViewState":{"showFog":true,"showMaterialUpdate":false,"showSkybox":true,"showFlares":true,"showImageEffects":true,"showParticleSystems":true},"in2DMode":false,"pivot":{"x":-5.5678324699401859,"y":0.7876549363136292,"z":-12.218987464904786},"rotation":{"x":-0.02638678438961506,"y":0.6440015435218811,"z":-0.022234471514821054,"w":-0.7642456889152527},"size":4.459624290466309,"orthographic":false}