{"cameraMode":{"drawMode":0,"name":"Shaded","section":"Shading Mode"},"sceneLighting":false,"audioPlay":false,"sceneViewState":{"showFog":true,"showMaterialUpdate":false,"showSkybox":true,"showFlares":true,"showImageEffects":true,"showParticleSystems":true},"in2DMode":false,"pivot":{"x":-8.692602157592774,"y":0.7777096033096314,"z":-12.512344360351563},"rotation":{"x":-0.28718751668930056,"y":0.5530612468719482,"z":-0.21093620359897614,"w":-0.753095269203186},"size":3.3462040424346926,"orthographic":false}