{"cameraMode":{"drawMode":0,"name":"Shaded","section":"Shading Mode"},"sceneLighting":true,"audioPlay":false,"sceneViewState":{"showFog":true,"showMaterialUpdate":false,"showSkybox":true,"showFlares":true,"showImageEffects":true,"showParticleSystems":true},"in2DMode":false,"pivot":{"x":-0.4411125183105469,"y":0.7919743061065674,"z":-2.3813257217407228},"rotation":{"x":-0.159717857837677,"y":0.5713496208190918,"z":-0.11455109715461731,"w":-0.7968249320983887},"size":25.534029006958009,"orthographic":false}