{"cameraMode":{"drawMode":0,"name":"Shaded","section":"Shading Mode"},"sceneLighting":false,"audioPlay":false,"sceneViewState":{"showFog":true,"showMaterialUpdate":false,"showSkybox":true,"showFlares":true,"showImageEffects":true,"showParticleSystems":true},"in2DMode":false,"pivot":{"x":-8.733231544494629,"y":0.7499988079071045,"z":-12.512632369995118},"rotation":{"x":-0.1692761927843094,"y":0.3391859829425812,"z":-0.062211811542510989,"w":-0.9232764840126038},"size":2.857883930206299,"orthographic":false}