{"cameraMode":{"drawMode":0,"name":"Shaded","section":"Shading Mode"},"sceneLighting":false,"audioPlay":false,"sceneViewState":{"showFog":true,"showMaterialUpdate":false,"showSkybox":true,"showFlares":true,"showImageEffects":true,"showParticleSystems":true},"in2DMode":false,"pivot":{"x":-6.621191501617432,"y":0.8328845500946045,"z":-12.16361141204834},"rotation":{"x":0.35024258494377139,"y":-0.5914553999900818,"z":0.31700557470321658,"w":0.6534662246704102},"size":1.4574096202850342,"orthographic":false}