{"cameraMode":{"drawMode":0,"name":"Shaded","section":"Shading Mode"},"sceneLighting":false,"audioPlay":false,"sceneViewState":{"showFog":true,"showMaterialUpdate":false,"showSkybox":true,"showFlares":true,"showImageEffects":true,"showParticleSystems":true},"in2DMode":false,"pivot":{"x":-6.532107353210449,"y":1.7243694067001343,"z":-12.347899436950684},"rotation":{"x":-0.013362024910748005,"y":0.1354391723871231,"z":0.001826189924031496,"w":0.9906938672065735},"size":2.857883930206299,"orthographic":false}