{"cameraMode":{"drawMode":0,"name":"Shaded","section":"Shading Mode"},"sceneLighting":false,"audioPlay":false,"sceneViewState":{"showFog":true,"showMaterialUpdate":false,"showSkybox":true,"showFlares":true,"showImageEffects":true,"showParticleSystems":true},"in2DMode":false,"pivot":{"x":0.10100000351667404,"y":0.0,"z":-0.0501275472342968},"rotation":{"x":0.0747649073600769,"y":-0.007325848564505577,"z":0.0005711114499717951,"w":0.9971741437911987},"size":0.7536380290985107,"orthographic":false}