{"cameraMode":{"drawMode":0,"name":"Shaded","section":"Shading Mode"},"sceneLighting":false,"audioPlay":false,"sceneViewState":{"showFog":true,"showMaterialUpdate":false,"showSkybox":true,"showFlares":true,"showImageEffects":true,"showParticleSystems":true},"in2DMode":false,"pivot":{"x":-6.331999778747559,"y":0.7009999752044678,"z":-11.628000259399414},"rotation":{"x":0.14580078423023225,"y":-0.09543875604867935,"z":0.014132136479020119,"w":0.9845983982086182},"size":1.4500545263290406,"orthographic":false}