{"cameraMode":{"drawMode":0,"name":"Shaded","section":"Shading Mode"},"sceneLighting":false,"audioPlay":false,"sceneViewState":{"showFog":true,"showMaterialUpdate":false,"showSkybox":true,"showFlares":true,"showImageEffects":true,"showParticleSystems":true},"in2DMode":false,"pivot":{"x":7.152557373046875e-7,"y":3.2200000286102297,"z":-0.12545537948608399},"rotation":{"x":-0.0017406147671863437,"y":0.6914512515068054,"z":-0.0016659890534356237,"w":-0.7224192023277283},"size":25.77175521850586,"orthographic":false}