{"cameraMode":{"drawMode":0,"name":"Shaded","section":"Shading Mode"},"sceneLighting":false,"audioPlay":false,"sceneViewState":{"showFog":true,"showMaterialUpdate":false,"showSkybox":true,"showFlares":true,"showImageEffects":true,"showParticleSystems":true},"in2DMode":false,"pivot":{"x":-8.560349464416504,"y":1.427743911743164,"z":-12.293299674987793},"rotation":{"x":-0.08380900323390961,"y":-0.700434684753418,"z":0.08340241760015488,"w":-0.7038546800613403},"size":0.29603368043899538,"orthographic":false}