{"cameraMode":{"drawMode":0,"name":"Shaded","section":"Shading Mode"},"sceneLighting":false,"audioPlay":false,"sceneViewState":{"showFog":true,"showMaterialUpdate":false,"showSkybox":true,"showFlares":true,"showImageEffects":true,"showParticleSystems":true},"in2DMode":false,"pivot":{"x":-9.469649314880371,"y":0.5745041966438294,"z":-10.530871391296387},"rotation":{"x":-0.1640196293592453,"y":0.22639597952365876,"z":-0.038728266954422,"w":-0.9593446850776672},"size":4.155576229095459,"orthographic":false}