{"cameraMode":{"drawMode":0,"name":"Shaded","section":"Shading Mode"},"sceneLighting":false,"audioPlay":false,"sceneViewState":{"showFog":true,"showMaterialUpdate":false,"showSkybox":true,"showFlares":true,"showImageEffects":true,"showParticleSystems":true},"in2DMode":false,"pivot":{"x":-6.282437324523926,"y":1.1879246234893799,"z":-12.203011512756348},"rotation":{"x":-0.002291955752298236,"y":0.98979651927948,"z":-0.01617579720914364,"w":-0.1415482461452484},"size":0.945234477519989,"orthographic":false}