{"cameraMode":{"drawMode":0,"name":"Shaded","section":"Shading Mode"},"sceneLighting":false,"audioPlay":false,"sceneViewState":{"showFog":true,"showMaterialUpdate":false,"showSkybox":true,"showFlares":true,"showImageEffects":true,"showParticleSystems":true},"in2DMode":false,"pivot":{"x":-6.048872947692871,"y":0.7876549363136292,"z":-12.392533302307129},"rotation":{"x":0.04627523943781853,"y":-0.0915532186627388,"z":-0.004258477594703436,"w":-0.9947152733802795},"size":3.425466537475586,"orthographic":false}