{"cameraMode":{"drawMode":0,"name":"Shaded","section":"Shading Mode"},"sceneLighting":false,"audioPlay":false,"sceneViewState":{"showFog":true,"showMaterialUpdate":false,"showSkybox":true,"showFlares":true,"showImageEffects":true,"showParticleSystems":true},"in2DMode":false,"pivot":{"x":-5.936694145202637,"y":1.17071533203125,"z":-12.388781547546387},"rotation":{"x":-0.0001433941797586158,"y":0.9998329877853394,"z":0.013661855831742287,"w":0.012143286876380444},"size":1.5157568454742432,"orthographic":false}