{"cameraMode":{"drawMode":0,"name":"Shaded","section":"Shading Mode"},"sceneLighting":false,"audioPlay":false,"sceneViewState":{"showFog":true,"showMaterialUpdate":false,"showSkybox":true,"showFlares":true,"showImageEffects":true,"showParticleSystems":true},"in2DMode":false,"pivot":{"x":3.532125473022461,"y":-0.6303008794784546,"z":2.756134510040283},"rotation":{"x":-0.05544149875640869,"y":0.43119314312934878,"z":-0.026556378230452539,"w":-0.9001630544662476},"size":5.373002052307129,"orthographic":false}