{"cameraMode":{"drawMode":0,"name":"Shaded","section":"Shading Mode"},"sceneLighting":false,"audioPlay":false,"sceneViewState":{"showFog":true,"showMaterialUpdate":false,"showSkybox":true,"showFlares":true,"showImageEffects":true,"showParticleSystems":true},"in2DMode":false,"pivot":{"x":-6.048872947692871,"y":0.7876549363136292,"z":-12.392533302307129},"rotation":{"x":0.03774576261639595,"y":0.23475879430770875,"z":-0.009099956601858139,"w":0.9712778925895691},"size":3.425466537475586,"orthographic":false}