{"cameraMode":{"drawMode":0,"name":"Shaded","section":"Shading Mode"},"sceneLighting":false,"audioPlay":false,"sceneViewState":{"showFog":true,"showMaterialUpdate":false,"showSkybox":true,"showFlares":true,"showImageEffects":true,"showParticleSystems":true},"in2DMode":false,"pivot":{"x":-8.733231544494629,"y":0.7499988079071045,"z":-12.512632369995118},"rotation":{"x":-0.09629040211439133,"y":0.7873364090919495,"z":-0.12734544277191163,"w":-0.595493733882904},"size":2.857883930206299,"orthographic":false}