{"cameraMode":{"drawMode":0,"name":"Shaded","section":"Shading Mode"},"sceneLighting":false,"audioPlay":false,"sceneViewState":{"showFog":true,"showMaterialUpdate":false,"showSkybox":true,"showFlares":true,"showImageEffects":true,"showParticleSystems":true},"in2DMode":false,"pivot":{"x":1.398857593536377,"y":2.663555383682251,"z":-6.202334880828857},"rotation":{"x":0.012240744195878506,"y":-0.9856052398681641,"z":-0.1474343240261078,"w":-0.08182719349861145},"size":9.276840209960938,"orthographic":false}