{"cameraMode":{"drawMode":0,"name":"Shaded","section":"Shading Mode"},"sceneLighting":false,"audioPlay":false,"sceneViewState":{"showFog":true,"showMaterialUpdate":false,"showSkybox":true,"showFlares":true,"showImageEffects":true,"showParticleSystems":true},"in2DMode":false,"pivot":{"x":-11.177393913269043,"y":0.40230217576026919,"z":-12.540607452392579},"rotation":{"x":0.11186784505844116,"y":-0.7327759265899658,"z":0.12427843362092972,"w":0.6596084833145142},"size":3.890162944793701,"orthographic":false}