{"cameraMode":{"drawMode":0,"name":"Shaded","section":"Shading Mode"},"sceneLighting":false,"audioPlay":false,"sceneViewState":{"showFog":true,"showMaterialUpdate":false,"showSkybox":true,"showFlares":true,"showImageEffects":true,"showParticleSystems":true},"in2DMode":false,"pivot":{"x":-6.650091171264648,"y":0.8888277411460877,"z":-11.764350891113282},"rotation":{"x":0.1574988067150116,"y":0.2858230769634247,"z":-0.04768534377217293,"w":0.9440473914146423},"size":0.12546640634536744,"orthographic":false}