{"cameraMode":{"drawMode":0,"name":"Shaded","section":"Shading Mode"},"sceneLighting":false,"audioPlay":false,"sceneViewState":{"showFog":true,"showMaterialUpdate":false,"showSkybox":true,"showFlares":true,"showImageEffects":true,"showParticleSystems":true},"in2DMode":false,"pivot":{"x":-6.532107353210449,"y":1.7243694067001343,"z":-12.347899436950684},"rotation":{"x":0.02082011289894581,"y":-0.037330638617277148,"z":0.0007999652298167348,"w":0.9990857243537903},"size":2.857883930206299,"orthographic":false}