{"cameraMode":{"drawMode":0,"name":"Shaded","section":"Shading Mode"},"sceneLighting":false,"audioPlay":false,"sceneViewState":{"showFog":true,"showMaterialUpdate":false,"showSkybox":true,"showFlares":true,"showImageEffects":true,"showParticleSystems":true},"in2DMode":false,"pivot":{"x":-4.823093414306641,"y":1.1075767278671265,"z":-12.709582328796387},"rotation":{"x":0.07198026031255722,"y":0.7472231984138489,"z":-0.08201128244400025,"w":0.6555535793304443},"size":2.5254666805267336,"orthographic":false}