{"cameraMode":{"drawMode":0,"name":"Shaded","section":"Shading Mode"},"sceneLighting":false,"audioPlay":false,"sceneViewState":{"showFog":true,"showMaterialUpdate":false,"showSkybox":true,"showFlares":true,"showImageEffects":true,"showParticleSystems":true},"in2DMode":false,"pivot":{"x":-6.232154369354248,"y":1.0441995859146119,"z":-12.760781288146973},"rotation":{"x":-0.00011562184954527766,"y":-0.9997000098228455,"z":0.024010848253965379,"w":-0.004831498488783836},"size":2.696033477783203,"orthographic":false}