{"cameraMode":{"drawMode":0,"name":"Shaded","section":"Shading Mode"},"sceneLighting":false,"audioPlay":false,"sceneViewState":{"showFog":true,"showMaterialUpdate":false,"showSkybox":true,"showFlares":true,"showImageEffects":true,"showParticleSystems":true},"in2DMode":false,"pivot":{"x":-0.04138752818107605,"y":0.0,"z":-0.11649999767541886},"rotation":{"x":-0.02469290979206562,"y":0.9585904479026794,"z":-0.26978087425231936,"w":-0.0878230482339859},"size":7.350499153137207,"orthographic":false}