{"cameraMode":{"drawMode":0,"name":"Shaded","section":"Shading Mode"},"sceneLighting":false,"audioPlay":false,"sceneViewState":{"showFog":true,"showMaterialUpdate":false,"showSkybox":true,"showFlares":true,"showImageEffects":true,"showParticleSystems":true},"in2DMode":false,"pivot":{"x":-1.5336211919784547,"y":1.652090072631836,"z":0.661715030670166},"rotation":{"x":0.11657146364450455,"y":0.6846827268600464,"z":0.11231424659490586,"w":-0.7106378674507141},"size":3.3462045192718508,"orthographic":false}